{"layer1": [[-0.9367546393368962, 0.6071198907149162, -0.5950522823693012, 0.978781218592992, -0.090442646205241, 0.2525323993261277, -0.5777553384107119, -0.021513846007336968, 0.13593737539238027], [0.22760942544643448, 0.3247513633435426, -0.21050109667137806, 0.5022452430124646, 0.5630012720714666, 0.22446182893543432, -0.5595377219093778, -0.6598784553763495, -0.5490936484267388], [0.0008351198636655788, 0.7298682159674519, 0.30795702048079443, 0.8392738409102323, 0.7063392548141116, -0.6169793782136088, 0.9179923283252727, 0.7523004292907289, -0.672729748999807], [0.5481634333282008, 0.0583606049165164, -0.9491698823510282, 0.44577825872653465, -0.39282652230543924, -0.4642179496998613, -0.2772027066498495, -0.49573021842217746, -0.7989982116832786], [0.5446039210996547, -0.04538464569653611, 0.874700865214356, -0.07607870645694859, -0.37511281449057665, -0.647429359481424, 0.4026883641115957, 0.796027471339485, 0.3252435828080098], [-0.4709543367114868, 0.3981711426719816, 0.5132194019775673, 0.4963524389778522, 0.6850309237263057, 0.7810401844540438, -0.9091488273607993, 0.36975635450106803, -0.21361180673993774], [0.852086252999759, -0.5880781426518829, 0.1989817501844795, -0.5500353630911563, 0.6680934192662646, 0.9705837875924981, -0.6413835141587652, -0.23263772553759288, -0.7530416461018083], [0.8039927228449733, -0.6379001461169129, 0.028050601042651335, 0.003545957628356966, -0.4369602507490966, 0.7882793402856847, 0.5720723584689937, 0.23609064283639203, -0.14283911609628497]], "layer2": [[-0.9036350198732783, 0.5056417360529899, -0.20641554649741423, -0.6466033242041394, 0.7492879953409677, -0.3486383362731802, 0.99705070198709, -0.1583442766960983]], "bias1": [[0.685278266709378], [-0.5209248339114676], [0.3943683338445301], [-0.435176676260959], [-0.3482530951652787], [0.8309562892067908], [-0.06097664440153738], [0.3032421101363696]], "bias2": [[-0.15439136333437098]]}